Polyglot,100,,,,,,,,,,,,,,,,,,,,,,,,,,,,
"HRCOUNTER_HRCOUNTER",,"HRCounter",,,,,,,,,,,,,,,,,"心率计数器",,,,,,,,,,
"HRCOUNTER_COMMON_REFRESH",,"Refresh",,,,,,,,,,,,,,,,,"刷新",,,,,,,,,,
"HRCOUNTER_COMMON_RESET",,"Reset",,,,,,,,,,,,,,,,,"重置",,,,,,,,,,
"HRCOUNTER_COMMON_CANCEL",,"Cancel",,,,,,,,,,,,,,,,,"取消",,,,,,,,,,
"HRCOUNTER_COMMON_EDIT",,"Edit",,,,,,,,,,,,,,,,,"编辑",,,,,,,,,,
"HRCOUNTER_MENU_BUTTON_HINT",,"Display your heart rate in game!",,,,,,,,,,,,,,,,,"在游戏中显示心率！",,,,,,,,,,
"HRCOUNTER_COUNTERS_PLUS_MENU_NOTICE",,"HRCounter configurations have been moved to the main menu mods panel!",,,,,,,,,,,,,,,,,"占位符",,,,,,,,,,
"HRCOUNTER_CONFIG_MENU_TITLE",,"HR Counter",,,,,,,,,,,,,,,,,"心率计数器",,,,,,,,,,
"HRCOUNTER_CONFIG_MENU_TAB_GENERAL",,"General",,,,,,,,,,,,,,,,,"通用",,,,,,,,,,
"HRCOUNTER_CONFIG_MENU_TAB_ICON",,"Icon",,,,,,,,,,,,,,,,,"图标",,,,,,,,,,
"HRCOUNTER_CONFIG_MENU_TAB_COLORIZE",,"Colorize",,,,,,,,,,,,,,,,,"占位符",,,,,,,,,,
"HRCOUNTER_CONFIG_MENU_TAB_SAFETY",,"Safety",,,,,,,,,,,,,,,,,"占位符",,,,,,,,,,
"HRCOUNTER_CONFIG_MENU_TAB_REPLAY",,"Replay",,,,,,,,,,,,,,,,,"占位符",,,,,,,,,,
"HRCOUNTER_CONFIG_MENU_MOD_ENABLE_LABEL",,"Mod Enable",,,,,,,,,,,,,,,,,"占位符",,,,,,,,,,
"HRCOUNTER_CONFIG_MENU_NO_BLOOM_LABEL",,"Counter No Bloom",,,,,,,,,,,,,,,,,"占位符",,,,,,,,,,
"HRCOUNTER_CONFIG_MENU_NO_BLOOM_HINT",,"Do you want no bloom on the text?",,,,,,,,,,,,,,,,,"占位符",,,,,,,,,,
"HRCOUNTER_CONFIG_MENU_ALWAYS_STANDALONE_LABEL",,"Always Show Standalone Counter",,,,,,,,,,,,,,,,,"占位符",,,,,,,,,,
"HRCOUNTER_CONFIG_MENU_ALWAYS_STANDALONE_HINT",,"Always show the standalone counter regardless whether Counters+ is installed, enable to allow 2 hr counters to present at the same time",,,,,,,,,,,,,,,,,"占位符",,,,,,,,,,
"HRCOUNTER_CONFIG_MENU_IGNORE_ZERO_LABEL",,"Ignore Zero Values",,,,,,,,,,,,,,,,,"占位符",,,,,,,,,,
"HRCOUNTER_CONFIG_MENU_IGNORE_ZERO_HINT",,"Ignore zero heart rate values as if the data did not exist",,,,,,,,,,,,,,,,,"占位符",,,,,,,,,,
"HRCOUNTER_CONFIG_MENU_ICON_FOLDER_LOCATION_HINT",,"Put your icons into <color=lightblue>UserData/HRCounter/Icons/</color>",,,,,,,,,,,,,,,,,"占位符",,,,,,,,,,
"HRCOUNTER_CONFIG_MENU_ICON_OPEN_EXPLORER_BUTTON",,"Show in Explorer",,,,,,,,,,,,,,,,,"占位符",,,,,,,,,,
"HRCOUNTER_CONFIG_MENU_COLORIZE_LABEL",,"Colorize HR Text",,,,,,,,,,,,,,,,,"占位符",,,,,,,,,,
"HRCOUNTER_CONFIG_MENU_COLORIZE_HINT",,"Colorize the heart rate number.",,,,,,,,,,,,,,,,,"占位符",,,,,,,,,,
"HRCOUNTER_CONFIG_MENU_HR_LOW_LABEL",,"HR Lower Bound",,,,,,,,,,,,,,,,,"占位符",,,,,,,,,,
"HRCOUNTER_CONFIG_MENU_HR_HIGH_LABEL",,"HR Upper Bound",,,,,,,,,,,,,,,,,"占位符",,,,,,,,,,
"HRCOUNTER_CONFIG_MENU_LOW_COLOR_LABEL",,"Low Color",,,,,,,,,,,,,,,,,"占位符",,,,,,,,,,
"HRCOUNTER_CONFIG_MENU_MID_COLOR_LABEL",,"Middle Color",,,,,,,,,,,,,,,,,"占位符",,,,,,,,,,
"HRCOUNTER_CONFIG_MENU_HIGH_COLOR_LABEL",,"High Color",,,,,,,,,,,,,,,,,"占位符",,,,,,,,,,
"HRCOUNTER_CONFIG_MENU_AUTO_PAUSE_LABEL",,"Auto Pause",,,,,,,,,,,,,,,,,"占位符",,,,,,,,,,
"HRCOUNTER_CONFIG_MENU_AUTO_PAUSE_HINT",,"Automatically pause the game if your heart rate is too high, set threshold below",,,,,,,,,,,,,,,,,"占位符",,,,,,,,,,
"HRCOUNTER_CONFIG_MENU_PAUSE_HR_LABEL",,"Pause Heart Rate",,,,,,,,,,,,,,,,,"占位符",,,,,,,,,,
"HRCOUNTER_CONFIG_MENU_REPLAY_RECORD_LABEL",,"Record Heart Rate",,,,,,,,,,,,,,,,,"占位符",,,,,,,,,,
"HRCOUNTER_CONFIG_MENU_REPLAY_RECORD_HINT",,"Record heart rate into BeatLeader replays",,,,,,,,,,,,,,,,,"占位符",,,,,,,,,,
"HRCOUNTER_CONFIG_MENU_REPLAY_PLAYBACK_HEADER",,"Replay Playback",,,,,,,,,,,,,,,,,"占位符",,,,,,,,,,
"HRCOUNTER_CONFIG_MENU_REPLAY_SELF_HR_LABEL",,"Show Your Recorded HR",,,,,,,,,,,,,,,,,"占位符",,,,,,,,,,
"HRCOUNTER_CONFIG_MENU_REPLAY_SELF_HR_HINT",,"Allow heart rate recorded in your own replays to be shown",,,,,,,,,,,,,,,,,"占位符",,,,,,,,,,
"HRCOUNTER_CONFIG_MENU_REPLAY_OTHERS_HR_LABEL",,"Show Others' Recorded HR",,,,,,,,,,,,,,,,,"占位符",,,,,,,,,,
"HRCOUNTER_CONFIG_MENU_REPLAY_OTHERS_HR_HINT",,"Allow heart rate recorded in other players' replays to be shown",,,,,,,,,,,,,,,,,"占位符",,,,,,,,,,
"HRCOUNTER_CONFIG_MENU_REPLAY_FALLBACK_LIVE_LABEL",,"Fallback to Live Heart Rate",,,,,,,,,,,,,,,,,"占位符",,,,,,,,,,
"HRCOUNTER_CONFIG_MENU_REPLAY_FALLBACK_LIVE_HINT",,"Show your live heart rate when recorded data is not available or not used",,,,,,,,,,,,,,,,,"占位符",,,,,,,,,,
"HRCOUNTER_DATA_SOURCE_MENU_PANEL_TITLE",,"Data Source",,,,,,,,,,,,,,,,,"占位符",,,,,,,,,,
"HRCOUNTER_DATA_SOURCE_MENU_TAB_GENERAL",,"General",,,,,,,,,,,,,,,,,"占位符",,,,,,,,,,
"HRCOUNTER_DATA_SOURCE_MENU_TAB_PULSOID",,"Pulsoid",,,,,,,,,,,,,,,,,,,,,,,,,,,
"HRCOUNTER_DATA_SOURCE_MENU_TAB_HYPERATE",,"HypeRate",,,,,,,,,,,,,,,,,,,,,,,,,,,
"HRCOUNTER_DATA_SOURCE_MENU_STREAMER_MODE_LABEL",,"Streamer Mode",,,,,,,,,,,,,,,,,"占位符",,,,,,,,,,
"HRCOUNTER_DATA_SOURCE_MENU_STREAMER_MODE_HINT",,"Hide tokens and ids",,,,,,,,,,,,,,,,,"占位符",,,,,,,,,,
"HRCOUNTER_DATA_SOURCE_MENU_SOURCE_DROPDOWN_LABEL",,"Data Source",,,,,,,,,,,,,,,,,"占位符",,,,,,,,,,
"HRCOUNTER_DATA_SOURCE_MENU_SOURCE_INFO_HEADER",,"Data Source Info ↓",,,,,,,,,,,,,,,,,"占位符",,,,,,,,,,
"HRCOUNTER_DATA_SOURCE_MENU_PULSOID_AUTHORIZE_BUTTON",,"Authorize Pulsoid",,,,,,,,,,,,,,,,,"占位符",,,,,,,,,,
"HRCOUNTER_DATA_SOURCE_MENU_PULSOID_DEAUTHORIZE_BUTTON",,"Deauthorize Pulsoid",,,,,,,,,,,,,,,,,"占位符",,,,,,,,,,
"HRCOUNTER_DATA_SOURCE_MENU_PULSOID_AUTHORIZE_MODAL_TITLE",,"Authorize with Pulsoid",,,,,,,,,,,,,,,,,"占位符",,,,,,,,,,
"HRCOUNTER_DATA_SOURCE_MENU_PULSOID_AUTHORIZE_MODAL_ACTION",,"Authorize",,,,,,,,,,,,,,,,,"占位符",,,,,,,,,,
"HRCOUNTER_DATA_SOURCE_MENU_PULSOID_DEAUTHORIZE_MODAL_TITLE",,"Deauthorize Pulsoid",,,,,,,,,,,,,,,,,"占位符",,,,,,,,,,
"HRCOUNTER_DATA_SOURCE_MENU_PULSOID_DEAUTHORIZE_MODAL_TEXT",,"Are you sure you want to deauthorize Pulsoid?
This will invalidate the Pulsoid token.",,,,,,,,,,,,,,,,,"占位符",,,,,,,,,,
"HRCOUNTER_DATA_SOURCE_MENU_PULSOID_DEAUTHORIZE_MODAL_ACTION",,"Deauthorize",,,,,,,,,,,,,,,,,"占位符",,,,,,,,,,
"HRCOUNTER_DATA_SOURCE_MENU_HYPERATE_ID_LABEL",,"HypeRate ID",,,,,,,,,,,,,,,,,"占位符",,,,,,,,,,
"HRCOUNTER_SERVICE_STATUS_MENU_PANEL_TITLE",,"Built-in Services",,,,,,,,,,,,,,,,,"占位符",,,,,,,,,,
"HRCOUNTER_SERVICE_STATUS_MENU_TAB_HTTP",,"HTTP",,,,,,,,,,,,,,,,,,,,,,,,,,,
"HRCOUNTER_SERVICE_STATUS_MENU_TAB_OSC",,"OSC",,,,,,,,,,,,,,,,,,,,,,,,,,,
"HRCOUNTER_SERVICE_STATUS_MENU_HTTP_ENABLE_LABEL",,"Enable HTTP Server",,,,,,,,,,,,,,,,,"占位符",,,,,,,,,,
"HRCOUNTER_SERVICE_STATUS_MENU_HTTP_ENABLE_HINT",,"Enable the built-in HTTP server",,,,,,,,,,,,,,,,,"占位符",,,,,,,,,,
"HRCOUNTER_SERVICE_STATUS_MENU_OSC_ENABLE_LABEL",,"Enable OSC Server",,,,,,,,,,,,,,,,,"占位符",,,,,,,,,,
"HRCOUNTER_SERVICE_STATUS_MENU_OSC_ENABLE_HINT",,"Enable the built-in OSC server",,,,,,,,,,,,,,,,,"占位符",,,,,,,,,,


